merchant_name,total_gmv,confirmed_gmv,transaction_count,high_risk_count,success_rate
Alpha  Mart,10827.5,0.0,3,1,0.0
Alpha Mart,29984.5,29984.5,8,1,1.0
Beta  Stores,18580.0,11940.0,6,2,0.6426264800861141
Beta Stores,23202.0,21491.0,5,3,0.9262563572105853
City Pharma,8640.0,8640.0,2,0,1.0
Delta Travels,14600.0,10300.0,4,1,0.7054794520547946
Eco Home,10246.000000000002,0.0,2,1,0.0
